<?xml version="1.0" encoding="UTF-8"?>
<!DOCTYPE generatorConfiguration PUBLIC "-//mybatis.org//DTD MyBatis Generator Configuration 1.0//EN" "http://mybatis.org/dtd/mybatis-generator-config_1_0.dtd">
<generatorConfiguration>
    <classPathEntry location="$sqljar$" /> 
    <context id="DB2Tables" targetRuntime="MyBatis3">
        <commentGenerator>
            <property name="suppressAllComments" value="true" />
        </commentGenerator>
         <jdbcConnection driverClass="$driverClass$" connectionURL="$dblink$" userId="$username$" password="$password$"> 
        </jdbcConnection>
        <javaTypeResolver>
            <property name="forceBigDecimals" value="false" />
        </javaTypeResolver>
        <javaModelGenerator targetPackage="$modelpackage$" targetProject="$modelsrc$">
            <property name="enableSubPackages" value="true" />
            <property name="trimStrings" value="true" />
        </javaModelGenerator>
        <sqlMapGenerator targetPackage="$mappingpackage$" targetProject="$mappingsrc$">
            <property name="enableSubPackages" value="true" />
        </sqlMapGenerator>
        <javaClientGenerator type="XMLMAPPER" targetPackage="$daopackage$" targetProject="$daosrc$">
            <property name="enableSubPackages" value="true" />
        </javaClientGenerator>
		$tables$
    </context>
</generatorConfiguration>