<?xml version="1.0" encoding="UTF-8"?>
<!DOCTYPE generatorConfiguration PUBLIC "-//mybatis.org//DTD MyBatis Generator Configuration 1.0//EN" "http://mybatis.org/dtd/mybatis-generator-config_1_0.dtd">
<generatorConfiguration>
    <classPathEntry location="F:\mybatiscodecreate\JavaCodeCreate\JavaCodeCreate\bin\Debug\jar\mysql-connector-java-5.1.39-bin.jar" /> 
    <context id="DB2Tables" targetRuntime="MyBatis3">
        <commentGenerator>
            <property name="suppressAllComments" value="true" />
        </commentGenerator>
         <jdbcConnection driverClass="com.mysql.jdbc.Driver" connectionURL="jdbc:mysql://localhost:3306/performance_schema" userId="root" password="123456"> 
        </jdbcConnection>
        <javaTypeResolver>
            <property name="forceBigDecimals" value="false" />
        </javaTypeResolver>
        <javaModelGenerator targetPackage="jason.com.model" targetProject="D:\MyBatisCodes">
            <property name="enableSubPackages" value="true" />
            <property name="trimStrings" value="true" />
        </javaModelGenerator>
        <sqlMapGenerator targetPackage="jason.com.mapping" targetProject="D:\MyBatisCodes">
            <property name="enableSubPackages" value="true" />
        </sqlMapGenerator>
        <javaClientGenerator type="XMLMAPPER" targetPackage="jason.com.dao" targetProject="D:\MyBatisCodes">
            <property name="enableSubPackages" value="true" />
        </javaClientGenerator>
		<table tableName="accounts" domainObjectName="Accounts" enableCountByExample="false" enableUpdateByExample="false" enableDeleteByExample="false" enableSelectByExample="false" selectByExampleQueryId="false" /><table tableName="cond_instances" domainObjectName="CondInstances" enableCountByExample="false" enableUpdateByExample="false" enableDeleteByExample="false" enableSelectByExample="false" selectByExampleQueryId="false" /><table tableName="events_stages_current" domainObjectName="StagesCurrent" enableCountByExample="false" enableUpdateByExample="false" enableDeleteByExample="false" enableSelectByExample="false" selectByExampleQueryId="false" /><table tableName="events_stages_history" domainObjectName="StagesHistory" enableCountByExample="false" enableUpdateByExample="false" enableDeleteByExample="false" enableSelectByExample="false" selectByExampleQueryId="false" /><table tableName="events_stages_history_long" domainObjectName="StagesHistoryLong" enableCountByExample="false" enableUpdateByExample="false" enableDeleteByExample="false" enableSelectByExample="false" selectByExampleQueryId="false" /><table tableName="events_stages_summary_by_account_by_event_name" domainObjectName="StagesSummaryByAccountByEventName" enableCountByExample="false" enableUpdateByExample="false" enableDeleteByExample="false" enableSelectByExample="false" selectByExampleQueryId="false" /><table tableName="events_stages_summary_by_host_by_event_name" domainObjectName="StagesSummaryByHostByEventName" enableCountByExample="false" enableUpdateByExample="false" enableDeleteByExample="false" enableSelectByExample="false" selectByExampleQueryId="false" /><table tableName="events_stages_summary_by_thread_by_event_name" domainObjectName="StagesSummaryByThreadByEventName" enableCountByExample="false" enableUpdateByExample="false" enableDeleteByExample="false" enableSelectByExample="false" selectByExampleQueryId="false" /><table tableName="events_stages_summary_by_user_by_event_name" domainObjectName="StagesSummaryByUserByEventName" enableCountByExample="false" enableUpdateByExample="false" enableDeleteByExample="false" enableSelectByExample="false" selectByExampleQueryId="false" /><table tableName="events_stages_summary_global_by_event_name" domainObjectName="StagesSummaryGlobalByEventName" enableCountByExample="false" enableUpdateByExample="false" enableDeleteByExample="false" enableSelectByExample="false" selectByExampleQueryId="false" /><table tableName="events_statements_current" domainObjectName="StatementsCurrent" enableCountByExample="false" enableUpdateByExample="false" enableDeleteByExample="false" enableSelectByExample="false" selectByExampleQueryId="false" /><table tableName="events_statements_history" domainObjectName="StatementsHistory" enableCountByExample="false" enableUpdateByExample="false" enableDeleteByExample="false" enableSelectByExample="false" selectByExampleQueryId="false" /><table tableName="events_statements_history_long" domainObjectName="StatementsHistoryLong" enableCountByExample="false" enableUpdateByExample="false" enableDeleteByExample="false" enableSelectByExample="false" selectByExampleQueryId="false" /><table tableName="events_statements_summary_by_account_by_event_name" domainObjectName="StatementsSummaryByAccountByEventName" enableCountByExample="false" enableUpdateByExample="false" enableDeleteByExample="false" enableSelectByExample="false" selectByExampleQueryId="false" /><table tableName="events_statements_summary_by_digest" domainObjectName="StatementsSummaryByDigest" enableCountByExample="false" enableUpdateByExample="false" enableDeleteByExample="false" enableSelectByExample="false" selectByExampleQueryId="false" /><table tableName="events_statements_summary_by_host_by_event_name" domainObjectName="StatementsSummaryByHostByEventName" enableCountByExample="false" enableUpdateByExample="false" enableDeleteByExample="false" enableSelectByExample="false" selectByExampleQueryId="false" /><table tableName="events_statements_summary_by_thread_by_event_name" domainObjectName="StatementsSummaryByThreadByEventName" enableCountByExample="false" enableUpdateByExample="false" enableDeleteByExample="false" enableSelectByExample="false" selectByExampleQueryId="false" /><table tableName="events_statements_summary_by_user_by_event_name" domainObjectName="StatementsSummaryByUserByEventName" enableCountByExample="false" enableUpdateByExample="false" enableDeleteByExample="false" enableSelectByExample="false" selectByExampleQueryId="false" /><table tableName="events_statements_summary_global_by_event_name" domainObjectName="StatementsSummaryGlobalByEventName" enableCountByExample="false" enableUpdateByExample="false" enableDeleteByExample="false" enableSelectByExample="false" selectByExampleQueryId="false" /><table tableName="events_waits_current" domainObjectName="WaitsCurrent" enableCountByExample="false" enableUpdateByExample="false" enableDeleteByExample="false" enableSelectByExample="false" selectByExampleQueryId="false" /><table tableName="events_waits_history" domainObjectName="WaitsHistory" enableCountByExample="false" enableUpdateByExample="false" enableDeleteByExample="false" enableSelectByExample="false" selectByExampleQueryId="false" /><table tableName="events_waits_history_long" domainObjectName="WaitsHistoryLong" enableCountByExample="false" enableUpdateByExample="false" enableDeleteByExample="false" enableSelectByExample="false" selectByExampleQueryId="false" /><table tableName="events_waits_summary_by_account_by_event_name" domainObjectName="WaitsSummaryByAccountByEventName" enableCountByExample="false" enableUpdateByExample="false" enableDeleteByExample="false" enableSelectByExample="false" selectByExampleQueryId="false" /><table tableName="events_waits_summary_by_host_by_event_name" domainObjectName="WaitsSummaryByHostByEventName" enableCountByExample="false" enableUpdateByExample="false" enableDeleteByExample="false" enableSelectByExample="false" selectByExampleQueryId="false" /><table tableName="events_waits_summary_by_instance" domainObjectName="WaitsSummaryByInstance" enableCountByExample="false" enableUpdateByExample="false" enableDeleteByExample="false" enableSelectByExample="false" selectByExampleQueryId="false" /><table tableName="events_waits_summary_by_thread_by_event_name" domainObjectName="WaitsSummaryByThreadByEventName" enableCountByExample="false" enableUpdateByExample="false" enableDeleteByExample="false" enableSelectByExample="false" selectByExampleQueryId="false" /><table tableName="events_waits_summary_by_user_by_event_name" domainObjectName="WaitsSummaryByUserByEventName" enableCountByExample="false" enableUpdateByExample="false" enableDeleteByExample="false" enableSelectByExample="false" selectByExampleQueryId="false" /><table tableName="events_waits_summary_global_by_event_name" domainObjectName="WaitsSummaryGlobalByEventName" enableCountByExample="false" enableUpdateByExample="false" enableDeleteByExample="false" enableSelectByExample="false" selectByExampleQueryId="false" /><table tableName="file_instances" domainObjectName="FileInstances" enableCountByExample="false" enableUpdateByExample="false" enableDeleteByExample="false" enableSelectByExample="false" selectByExampleQueryId="false" /><table tableName="file_summary_by_event_name" domainObjectName="FileSummaryByEventName" enableCountByExample="false" enableUpdateByExample="false" enableDeleteByExample="false" enableSelectByExample="false" selectByExampleQueryId="false" /><table tableName="file_summary_by_instance" domainObjectName="FileSummaryByInstance" enableCountByExample="false" enableUpdateByExample="false" enableDeleteByExample="false" enableSelectByExample="false" selectByExampleQueryId="false" /><table tableName="host_cache" domainObjectName="HostCache" enableCountByExample="false" enableUpdateByExample="false" enableDeleteByExample="false" enableSelectByExample="false" selectByExampleQueryId="false" /><table tableName="hosts" domainObjectName="Hosts" enableCountByExample="false" enableUpdateByExample="false" enableDeleteByExample="false" enableSelectByExample="false" selectByExampleQueryId="false" /><table tableName="mutex_instances" domainObjectName="MutexInstances" enableCountByExample="false" enableUpdateByExample="false" enableDeleteByExample="false" enableSelectByExample="false" selectByExampleQueryId="false" /><table tableName="objects_summary_global_by_type" domainObjectName="ObjectsSummaryGlobalByType" enableCountByExample="false" enableUpdateByExample="false" enableDeleteByExample="false" enableSelectByExample="false" selectByExampleQueryId="false" /><table tableName="performance_timers" domainObjectName="PerformanceTimers" enableCountByExample="false" enableUpdateByExample="false" enableDeleteByExample="false" enableSelectByExample="false" selectByExampleQueryId="false" /><table tableName="rwlock_instances" domainObjectName="RwlockInstances" enableCountByExample="false" enableUpdateByExample="false" enableDeleteByExample="false" enableSelectByExample="false" selectByExampleQueryId="false" /><table tableName="session_account_connect_attrs" domainObjectName="SessionAccountConnectAttrs" enableCountByExample="false" enableUpdateByExample="false" enableDeleteByExample="false" enableSelectByExample="false" selectByExampleQueryId="false" /><table tableName="session_connect_attrs" domainObjectName="SessionConnectAttrs" enableCountByExample="false" enableUpdateByExample="false" enableDeleteByExample="false" enableSelectByExample="false" selectByExampleQueryId="false" /><table tableName="setup_actors" domainObjectName="SetupActors" enableCountByExample="false" enableUpdateByExample="false" enableDeleteByExample="false" enableSelectByExample="false" selectByExampleQueryId="false" /><table tableName="setup_consumers" domainObjectName="SetupConsumers" enableCountByExample="false" enableUpdateByExample="false" enableDeleteByExample="false" enableSelectByExample="false" selectByExampleQueryId="false" /><table tableName="setup_instruments" domainObjectName="SetupInstruments" enableCountByExample="false" enableUpdateByExample="false" enableDeleteByExample="false" enableSelectByExample="false" selectByExampleQueryId="false" /><table tableName="setup_objects" domainObjectName="SetupObjects" enableCountByExample="false" enableUpdateByExample="false" enableDeleteByExample="false" enableSelectByExample="false" selectByExampleQueryId="false" /><table tableName="setup_timers" domainObjectName="SetupTimers" enableCountByExample="false" enableUpdateByExample="false" enableDeleteByExample="false" enableSelectByExample="false" selectByExampleQueryId="false" /><table tableName="socket_instances" domainObjectName="SocketInstances" enableCountByExample="false" enableUpdateByExample="false" enableDeleteByExample="false" enableSelectByExample="false" selectByExampleQueryId="false" /><table tableName="socket_summary_by_event_name" domainObjectName="SocketSummaryByEventName" enableCountByExample="false" enableUpdateByExample="false" enableDeleteByExample="false" enableSelectByExample="false" selectByExampleQueryId="false" /><table tableName="socket_summary_by_instance" domainObjectName="SocketSummaryByInstance" enableCountByExample="false" enableUpdateByExample="false" enableDeleteByExample="false" enableSelectByExample="false" selectByExampleQueryId="false" /><table tableName="table_io_waits_summary_by_index_usage" domainObjectName="TableIoWaitsSummaryByIndexUsage" enableCountByExample="false" enableUpdateByExample="false" enableDeleteByExample="false" enableSelectByExample="false" selectByExampleQueryId="false" /><table tableName="table_io_waits_summary_by_table" domainObjectName="TableIoWaitsSummaryByTable" enableCountByExample="false" enableUpdateByExample="false" enableDeleteByExample="false" enableSelectByExample="false" selectByExampleQueryId="false" /><table tableName="table_lock_waits_summary_by_table" domainObjectName="TableLockWaitsSummaryByTable" enableCountByExample="false" enableUpdateByExample="false" enableDeleteByExample="false" enableSelectByExample="false" selectByExampleQueryId="false" /><table tableName="threads" domainObjectName="Threads" enableCountByExample="false" enableUpdateByExample="false" enableDeleteByExample="false" enableSelectByExample="false" selectByExampleQueryId="false" /><table tableName="users" domainObjectName="Users" enableCountByExample="false" enableUpdateByExample="false" enableDeleteByExample="false" enableSelectByExample="false" selectByExampleQueryId="false" />
    </context>
</generatorConfiguration>