<?xml version="1.0" encoding="UTF-8"?>
<!DOCTYPE generatorConfiguration PUBLIC "-//mybatis.org//DTD MyBatis Generator Configuration 1.0//EN" "http://mybatis.org/dtd/mybatis-generator-config_1_0.dtd">
<generatorConfiguration>
    <classPathEntry location="D:\gitfile\mybatiscodecreate\JavaCodeCreate\JavaCodeCreate\bin\Debug\jar\sqljdbc4.jar" /> 
    <context id="DB2Tables" targetRuntime="MyBatis3">
        <commentGenerator>
            <property name="suppressAllComments" value="true" />
        </commentGenerator>
         <jdbcConnection driverClass="com.microsoft.sqlserver.jdbc.SQLServerDriver" connectionURL="jdbc:sqlserver://127.0.0.1:1433;DatabaseName=master" userId="sa" password="123456"> 
        </jdbcConnection>
        <javaTypeResolver>
            <property name="forceBigDecimals" value="false" />
        </javaTypeResolver>
        <javaModelGenerator targetPackage="tst.db.sql.model" targetProject="D:\test">
            <property name="enableSubPackages" value="true" />
            <property name="trimStrings" value="true" />
        </javaModelGenerator>
        <sqlMapGenerator targetPackage="tst.db.sql.mapping" targetProject="D:\test">
            <property name="enableSubPackages" value="true" />
        </sqlMapGenerator>
        <javaClientGenerator type="XMLMAPPER" targetPackage="tst.db.sql.dao" targetProject="D:\test">
            <property name="enableSubPackages" value="true" />
        </javaClientGenerator>
		
		<table tableName="dt_Account" domainObjectName="DtAccount" enableCountByExample="false" enableUpdateByExample="false" enableDeleteByExample="false" enableSelectByExample="false" selectByExampleQueryId="false" />
		<table tableName="dt_Article" domainObjectName="DtArticle" enableCountByExample="false" enableUpdateByExample="false" enableDeleteByExample="false" enableSelectByExample="false" selectByExampleQueryId="false" />
		<table tableName="MSreplication_options" domainObjectName="MsreplicationOptions" enableCountByExample="false" enableUpdateByExample="false" enableDeleteByExample="false" enableSelectByExample="false" selectByExampleQueryId="false" />
		<table tableName="spt_fallback_db" domainObjectName="FallbackDb" enableCountByExample="false" enableUpdateByExample="false" enableDeleteByExample="false" enableSelectByExample="false" selectByExampleQueryId="false" />
		<table tableName="spt_fallback_dev" domainObjectName="FallbackDev" enableCountByExample="false" enableUpdateByExample="false" enableDeleteByExample="false" enableSelectByExample="false" selectByExampleQueryId="false" />
		<table tableName="spt_fallback_usg" domainObjectName="FallbackUsg" enableCountByExample="false" enableUpdateByExample="false" enableDeleteByExample="false" enableSelectByExample="false" selectByExampleQueryId="false" />
		<table tableName="spt_monitor" domainObjectName="Monitor" enableCountByExample="false" enableUpdateByExample="false" enableDeleteByExample="false" enableSelectByExample="false" selectByExampleQueryId="false" />
		<table tableName="trace_xe_action_map" domainObjectName="TraceXeActionMap" enableCountByExample="false" enableUpdateByExample="false" enableDeleteByExample="false" enableSelectByExample="false" selectByExampleQueryId="false" />
		<table tableName="trace_xe_event_map" domainObjectName="TraceXeEventMap" enableCountByExample="false" enableUpdateByExample="false" enableDeleteByExample="false" enableSelectByExample="false" selectByExampleQueryId="false" />
    </context>
</generatorConfiguration>